Var,click_rate
7801e8d9,0.19511943413470856
2347f47a,0.13767484539580216
ae637522,0.023895797598627786
5c5a694b,0.1933235902188636
82e27996,0.04799828959324389
d9b5648e,0.10984072810011376
0e8616ad,0.07296723300970874
b9528b13,0.18399396947044414
b8d325c3,0.22861842105263158
aefc06bd,0.07385296485108667
df32afa9,0.029857950627499654
33da2e74,0.12139629110176095
6f7ca2ba,0.22649610877538243
