Var,click_rate
ecad2386,0.19888153212717932
92f5800b,0.019266399761599357
e2fcccd2,0.1933442658015757
febd1138,0.0480008552490913
9c13b419,0.3059369301726912
7358e05e,0.190617381564209
a5184c22,0.24395823801006614
d36838b1,0.07270654271180495
685d1c4c,0.07349665924276169
