Var,click_rate
a99f214a,0.17416877562428987
0f7c61dc,0.7571701720841301
c357dbff,0.6410767696909272
936e92fb,0.07578008915304606
afeffc18,0.2469879518072289
987552d1,0.0
28dc8687,0.0
d857ffbb,0.1919191919191919
cef4c8cc,0.20103092783505155
b09da1c4,0.1388888888888889
3cdb4052,0.762589928057554
02da5312,0.13970588235294118
03559b29,0.0
d2e4c0ab,0.0
