Var,click_rate
8a4875bd,0.1386190017058518
1f0bc64f,0.22375411260343822
d787e91b,0.22267612699777825
76dc4769,0.19140369682867525
be6db1d7,0.19017158544955387
a0f5f879,0.1683374196952298
4ea23a13,0.21004924254304802
7abbbd5c,0.17376158517098114
ecb851b2,0.17982499587254416
d4897fef,0.17082774798927614
5096d134,0.16755815928001358
711ee120,0.21267235123367198
1ccc7835,0.17550654134983235
