Var,click_rate
1005,0.16935241521382188
1002,0.21155553140227887
1010,0.09421376608841633
1012,0.17692170501159266
1007,0.04195402298850575
1001,0.04054054054054054
1008,0.11808118081180811
