Var,click_rate
4687,0.2484084489228045
19771,0.11442320912965764
19772,0.1115149833518313
16208,0.12087470229810399
20108,0.2471604434469156
8330,0.14978181818181818
19950,0.12615087040618955
15705,0.20550328141061122
15704,0.20407023144453312
15701,0.19916979324658737
15707,0.19494280553883203
15699,0.2007466281310212
15708,0.19100582212407147
15703,0.1935223651837212
15702,0.16307114542040477
15706,0.1474472948945898
16615,0.1890614136732329
