Var,click_rate
320,0.1586654020345279
300,0.3599234205488194
216,0.12016238159675237
728,0.05942733657482442
120,0.023668639053254437
1024,0.30275229357798167
480,0.28703703703703703
768,0.4166666666666667
