Var,click_rate
50,0.15837048424289007
250,0.4223095559748568
36,0.12016238159675237
480,0.21420071400238
90,0.05942733657482442
20,0.023668639053254437
768,0.30275229357798167
320,0.28703703703703703
1024,0.4166666666666667
