Var,click_rate
1722,0.18923662413252743
2227,0.11268685320045994
1800,0.12316157564537694
423,0.2484084489228045
2502,0.19755687602092753
2528,0.13432835820895522
2506,0.10194407322423661
2374,0.2499467291711059
2545,0.22315474172035718
1872,0.3032937003982674
1994,0.3982289188474755
2299,0.2471604434469156
2526,0.118809482609448
1863,0.16278736661175966
761,0.1495273147145847
2333,0.16772114122000717
1993,0.358150374095425
2676,0.13313155426720094
1873,0.14173497267759563
