Var,click_rate
0,0.157904799459889
3,0.1465733125879825
2,0.29479927601707423
1,0.03415485407100128
