Var,click_rate
99999.0,0.19325724491940724
100084.0,0.21375262123738917
100148.0,0.23286189215078604
100077.0,0.17605560877106688
100075.0,0.16323865491348352
100081.0,0.18905345077220076
100083.0,0.19197374589779653
100176.0,0.11633257690368129
100074.0,0.163703144308664
100079.0,0.13664961283185842
100076.0,0.14488762547748069
