Var,click_rate
c4e18dd6,0.12261780132676715
f3845767,0.20529656789384415
7e091613,0.25782122227076354
7687a86e,0.4607639268906643
98572c79,0.27195593625336656
16a36ef3,0.14260081216356596
58a89a43,0.04341245818065955
