Var,click_rate
50e219e0,0.12854711664770313
f028772b,0.1799409557999658
28905ebd,0.2076441859188937
3e814130,0.2834152025103605
f66779e6,0.04
75fa27f6,0.11251705743704254
335d28a8,0.09437602018103576
76b2941d,0.03161978661493695
c0dd3be3,0.11764705882352941
72722551,0.0580511402902557
dedf689d,0.5250403877221325
70fb0e29,0.12771503040834056
