Var,click_rate
85f751fd,0.1186205923211884
1fbe01fe,0.20529656789384415
e151e245,0.2953245879582913
d9750ee7,0.27810960913758775
5b08c53b,0.4695898161244696
5b4d2eda,0.13006765615985735
856e6d3f,0.04341245818065955
a7853007,0.10601155057752888
